V1,V2,V3,V4,V5
1,1.0107,1.1608,1.0858,1.0204,0.80598
2,1.0229,1.1671,1.0693,1.0012,0.76983
3,1.045,1.161,1.0567,0.97249,0.74101
4,1.0757,1.146,1.0474,0.93495,0.72052
5,1.1101,1.1263,1.0401,0.89187,0.70847
6,1.1407,1.1053,1.0322,0.8476,0.70411
7,1.1608,1.0858,1.0204,0.80598,0.70598
8,1.1671,1.0693,1.0012,0.76983,0.71233
9,1.161,1.0567,0.97249,0.74101,0.72153
10,1.146,1.0474,0.93495,0.72052,0.73263
11,1.1263,1.0401,0.89187,0.70847,0.74569
12,1.1053,1.0322,0.8476,0.70411,0.76206
13,1.0858,1.0204,0.80598,0.70598,0.78426
14,1.0693,1.0012,0.76983,0.71233,0.815
15,1.0567,0.97249,0.74101,0.72153,0.85525
16,1.0474,0.93495,0.72052,0.73263,0.90261
17,1.0401,0.89187,0.70847,0.74569,0.95212
18,1.0322,0.8476,0.70411,0.76206,0.99901
19,1.0204,0.80598,0.70598,0.78426,1.0405
20,1.0012,0.76983,0.71233,0.815,1.0758
21,0.97249,0.74101,0.72153,0.85525,1.1056
22,0.93495,0.72052,0.73263,0.90261,1.131
23,0.89187,0.70847,0.74569,0.95212,1.1535
24,0.8476,0.70411,0.76206,0.99901,1.1741
25,0.80598,0.70598,0.78426,1.0405,1.1935
26,0.76983,0.71233,0.815,1.0758,1.2122
27,0.74101,0.72153,0.85525,1.1056,1.2304
28,0.72052,0.73263,0.90261,1.131,1.248
29,0.70847,0.74569,0.95212,1.1535,1.2653
30,0.70411,0.76206,0.99901,1.1741,1.2821
31,0.70598,0.78426,1.0405,1.1935,1.2974
32,0.71233,0.815,1.0758,1.2122,1.3086
33,0.72153,0.85525,1.1056,1.2304,1.3105
34,0.73263,0.90261,1.131,1.248,1.2981
35,0.74569,0.95212,1.1535,1.2653,1.2701
36,0.76206,0.99901,1.1741,1.2821,1.2289
37,0.78426,1.0405,1.1935,1.2974,1.1785
38,0.815,1.0758,1.2122,1.3086,1.1228
39,0.85525,1.1056,1.2304,1.3105,1.0646
40,0.90261,1.131,1.248,1.2981,1.0057
41,0.95212,1.1535,1.2653,1.2701,0.94742
42,0.99901,1.1741,1.2821,1.2289,0.89034
43,1.0405,1.1935,1.2974,1.1785,0.835
44,1.0758,1.2122,1.3086,1.1228,0.78171
45,1.1056,1.2304,1.3105,1.0646,0.73068
46,1.131,1.248,1.2981,1.0057,0.68205
47,1.1535,1.2653,1.2701,0.94742,0.63592
48,1.1741,1.2821,1.2289,0.89034,0.59241
49,1.1935,1.2974,1.1785,0.835,0.55188
50,1.2122,1.3086,1.1228,0.78171,0.51501
51,1.2304,1.3105,1.0646,0.73068,0.48293
52,1.248,1.2981,1.0057,0.68205,0.45724
53,1.2653,1.2701,0.94742,0.63592,0.44014
54,1.2821,1.2289,0.89034,0.59241,0.43462
55,1.2974,1.1785,0.835,0.55188,0.44433
56,1.3086,1.1228,0.78171,0.51501,0.47264
57,1.3105,1.0646,0.73068,0.48293,0.52063
58,1.2981,1.0057,0.68205,0.45724,0.58502
59,1.2701,0.94742,0.63592,0.44014,0.65841
60,1.2289,0.89034,0.59241,0.43462,0.73219
61,1.1785,0.835,0.55188,0.44433,0.79961
62,1.1228,0.78171,0.51501,0.47264,0.85681
63,1.0646,0.73068,0.48293,0.52063,0.90231
64,1.0057,0.68205,0.45724,0.58502,0.93618
65,0.94742,0.63592,0.44014,0.65841,0.95925
66,0.89034,0.59241,0.43462,0.73219,0.97272
67,0.835,0.55188,0.44433,0.79961,0.97805
68,0.78171,0.51501,0.47264,0.85681,0.97683
69,0.73068,0.48293,0.52063,0.90231,0.97086
70,0.68205,0.45724,0.58502,0.93618,0.96222
71,0.63592,0.44014,0.65841,0.95925,0.95335
72,0.59241,0.43462,0.73219,0.97272,0.94717
73,0.55188,0.44433,0.79961,0.97805,0.94694
74,0.51501,0.47264,0.85681,0.97683,0.95577
75,0.48293,0.52063,0.90231,0.97086,0.97564
76,0.45724,0.58502,0.93618,0.96222,1.0062
77,0.44014,0.65841,0.95925,0.95335,1.0439
78,0.43462,0.73219,0.97272,0.94717,1.0821
79,0.44433,0.79961,0.97805,0.94694,1.1135
80,0.47264,0.85681,0.97683,0.95577,1.134
81,0.52063,0.90231,0.97086,0.97564,1.1436
82,0.58502,0.93618,0.96222,1.0062,1.1447
83,0.65841,0.95925,0.95335,1.0439,1.1411
84,0.73219,0.97272,0.94717,1.0821,1.1359
85,0.79961,0.97805,0.94694,1.1135,1.1316
86,0.85681,0.97683,0.95577,1.134,1.1298
87,0.90231,0.97086,0.97564,1.1436,1.1313
88,0.93618,0.96222,1.0062,1.1447,1.1356
89,0.95925,0.95335,1.0439,1.1411,1.1416
90,0.97272,0.94717,1.0821,1.1359,1.147
91,0.97805,0.94694,1.1135,1.1316,1.1491
92,0.97683,0.95577,1.134,1.1298,1.144
93,0.97086,0.97564,1.1436,1.1313,1.1279
94,0.96222,1.0062,1.1447,1.1356,1.0989
95,0.95335,1.0439,1.1411,1.1416,1.0586
96,0.94717,1.0821,1.1359,1.147,1.0118
97,0.94694,1.1135,1.1316,1.1491,0.96331
98,0.95577,1.134,1.1298,1.144,0.91675
99,0.97564,1.1436,1.1313,1.1279,0.8743
100,1.0062,1.1447,1.1356,1.0989,0.8369
101,1.0439,1.1411,1.1416,1.0586,0.80451
102,1.0821,1.1359,1.147,1.0118,0.77644
103,1.1135,1.1316,1.1491,0.96331,0.75153
104,1.134,1.1298,1.144,0.91675,0.72858
105,1.1436,1.1313,1.1279,0.8743,0.70656
106,1.1447,1.1356,1.0989,0.8369,0.68498
107,1.1411,1.1416,1.0586,0.80451,0.66396
108,1.1359,1.147,1.0118,0.77644,0.64441
109,1.1316,1.1491,0.96331,0.75153,0.62809
110,1.1298,1.144,0.91675,0.72858,0.61788
111,1.1313,1.1279,0.8743,0.70656,0.61771
112,1.1356,1.0989,0.8369,0.68498,0.63172
113,1.1416,1.0586,0.80451,0.66396,0.66224
114,1.147,1.0118,0.77644,0.64441,0.70783
115,1.1491,0.96331,0.75153,0.62809,0.7634
116,1.144,0.91675,0.72858,0.61788,0.82272
117,1.1279,0.8743,0.70656,0.61771,0.88073
118,1.0989,0.8369,0.68498,0.63172,0.93442
119,1.0586,0.80451,0.66396,0.66224,0.98238
120,1.0118,0.77644,0.64441,0.70783,1.0242
121,0.96331,0.75153,0.62809,0.7634,1.0597
122,0.91675,0.72858,0.61788,0.82272,1.0893
123,0.8743,0.70656,0.61771,0.88073,1.1131
124,0.8369,0.68498,0.63172,0.93442,1.1315
125,0.80451,0.66396,0.66224,0.98238,1.145
126,0.77644,0.64441,0.70783,1.0242,1.1544
127,0.75153,0.62809,0.7634,1.0597,1.1612
128,0.72858,0.61788,0.82272,1.0893,1.1673
129,0.70656,0.61771,0.88073,1.1131,1.1753
130,0.68498,0.63172,0.93442,1.1315,1.1875
131,0.66396,0.66224,0.98238,1.145,1.2051
132,0.64441,0.70783,1.0242,1.1544,1.2265
133,0.62809,0.7634,1.0597,1.1612,1.2469
134,0.61788,0.82272,1.0893,1.1673,1.2591
135,0.61771,0.88073,1.1131,1.1753,1.2573
136,0.63172,0.93442,1.1315,1.1875,1.2394
137,0.66224,0.98238,1.145,1.2051,1.2073
138,0.70783,1.0242,1.1544,1.2265,1.1648
139,0.7634,1.0597,1.1612,1.2469,1.1158
140,0.82272,1.0893,1.1673,1.2591,1.0637
141,0.88073,1.1131,1.1753,1.2573,1.011
142,0.93442,1.1315,1.1875,1.2394,0.95947
143,0.98238,1.145,1.2051,1.2073,0.91039
144,1.0242,1.1544,1.2265,1.1648,0.86424
145,1.0597,1.1612,1.2469,1.1158,0.82098
146,1.0893,1.1673,1.2591,1.0637,0.77996
147,1.1131,1.1753,1.2573,1.011,0.74012
148,1.1315,1.1875,1.2394,0.95947,0.70044
149,1.145,1.2051,1.2073,0.91039,0.6606
150,1.1544,1.2265,1.1648,0.86424,0.62127
151,1.1612,1.2469,1.1158,0.82098,0.5839
152,1.1673,1.2591,1.0637,0.77996,0.55035
153,1.1753,1.2573,1.011,0.74012,0.52267
154,1.1875,1.2394,0.95947,0.70044,0.50324
155,1.2051,1.2073,0.91039,0.6606,0.49495
156,1.2265,1.1648,0.86424,0.62127,0.50105
157,1.2469,1.1158,0.82098,0.5839,0.5243
158,1.2591,1.0637,0.77996,0.55035,0.56538
159,1.2573,1.011,0.74012,0.52267,0.6215
160,1.2394,0.95947,0.70044,0.50324,0.68692
161,1.2073,0.91039,0.6606,0.49495,0.75501
162,1.1648,0.86424,0.62127,0.50105,0.82033
163,1.1158,0.82098,0.5839,0.5243,0.8793
164,1.0637,0.77996,0.55035,0.56538,0.92987
165,1.011,0.74012,0.52267,0.6215,0.971
166,0.95947,0.70044,0.50324,0.68692,1.0024
167,0.91039,0.6606,0.49495,0.75501,1.0242
168,0.86424,0.62127,0.50105,0.82033,1.0374
169,0.82098,0.5839,0.5243,0.8793,1.0431
170,0.77996,0.55035,0.56538,0.92987,1.0432
171,0.74012,0.52267,0.6215,0.971,1.0396
172,0.70044,0.50324,0.68692,1.0024,1.0348
173,0.6606,0.49495,0.75501,1.0242,1.0316
174,0.62127,0.50105,0.82033,1.0374,1.033
175,0.5839,0.5243,0.8793,1.0431,1.042
176,0.55035,0.56538,0.92987,1.0432,1.0601
177,0.52267,0.6215,0.971,1.0396,1.087
178,0.50324,0.68692,1.0024,1.0348,1.1191
179,0.49495,0.75501,1.0242,1.0316,1.1498
180,0.50105,0.82033,1.0374,1.033,1.1715
181,0.5243,0.8793,1.0431,1.042,1.1793
182,0.56538,0.92987,1.0432,1.0601,1.173
183,0.6215,0.971,1.0396,1.087,1.1556
184,0.68692,1.0024,1.0348,1.1191,1.1315
185,0.75501,1.0242,1.0316,1.1498,1.1046
186,0.82033,1.0374,1.033,1.1715,1.0781
187,0.8793,1.0431,1.042,1.1793,1.0541
188,0.92987,1.0432,1.0601,1.173,1.0338
189,0.971,1.0396,1.087,1.1556,1.0172
190,1.0024,1.0348,1.1191,1.1315,1.0034
191,1.0242,1.0316,1.1498,1.1046,0.99041
192,1.0374,1.033,1.1715,1.0781,0.97521
193,1.0431,1.042,1.1793,1.0541,0.95465
194,1.0432,1.0601,1.173,1.0338,0.92645
195,1.0396,1.087,1.1556,1.0172,0.89049
196,1.0348,1.1191,1.1315,1.0034,0.84919
197,1.0316,1.1498,1.1046,0.99041,0.80637
198,1.033,1.1715,1.0781,0.97521,0.76582
199,1.042,1.1793,1.0541,0.95465,0.73058
200,1.0601,1.173,1.0338,0.92645,0.70297
201,1.087,1.1556,1.0172,0.89049,0.68457
202,1.1191,1.1315,1.0034,0.84919,0.67617
203,1.1498,1.1046,0.99041,0.80637,0.67755
204,1.1715,1.0781,0.97521,0.76582,0.68754
205,1.1793,1.0541,0.95465,0.73058,0.7043
206,1.173,1.0338,0.92645,0.70297,0.72584
207,1.1556,1.0172,0.89049,0.68457,0.75062
208,1.1315,1.0034,0.84919,0.67617,0.77798
209,1.1046,0.99041,0.80637,0.67755,0.80834
210,1.0781,0.97521,0.76582,0.68754,0.84297
211,1.0541,0.95465,0.73058,0.7043,0.88304
212,1.0338,0.92645,0.70297,0.72584,0.92804
213,1.0172,0.89049,0.68457,0.75062,0.97497
214,1.0034,0.84919,0.67617,0.77798,1.0197
215,0.99041,0.80637,0.67755,0.80834,1.0589
216,0.97521,0.76582,0.68754,0.84297,1.0914
217,0.95465,0.73058,0.7043,0.88304,1.1175
218,0.92645,0.70297,0.72584,0.92804,1.1386
219,0.89049,0.68457,0.75062,0.97497,1.1564
220,0.84919,0.67617,0.77798,1.0197,1.1728
221,0.80637,0.67755,0.80834,1.0589,1.189
222,0.76582,0.68754,0.84297,1.0914,1.206
223,0.73058,0.7043,0.88304,1.1175,1.224
224,0.70297,0.72584,0.92804,1.1386,1.2427
225,0.68457,0.75062,0.97497,1.1564,1.2614
226,0.67617,0.77798,1.0197,1.1728,1.2788
227,0.67755,0.80834,1.0589,1.189,1.2929
228,0.68754,0.84297,1.0914,1.206,1.3004
229,0.7043,0.88304,1.1175,1.224,1.2965
230,0.72584,0.92804,1.1386,1.2427,1.2776
231,0.75062,0.97497,1.1564,1.2614,1.2436
232,0.77798,1.0197,1.1728,1.2788,1.1979
233,0.80834,1.0589,1.189,1.2929,1.145
234,0.84297,1.0914,1.206,1.3004,1.0887
235,0.88304,1.1175,1.224,1.2965,1.0316
236,0.92804,1.1386,1.2427,1.2776,0.97516
237,0.97497,1.1564,1.2614,1.2436,0.92005
238,1.0197,1.1728,1.2788,1.1979,0.86655
239,1.0589,1.189,1.2929,1.145,0.81466
240,1.0914,1.206,1.3004,1.0887,0.76439
241,1.1175,1.224,1.2965,1.0316,0.71583
242,1.1386,1.2427,1.2776,0.97516,0.66915
243,1.1564,1.2614,1.2436,0.92005,0.62464
244,1.1728,1.2788,1.1979,0.86655,0.58271
245,1.189,1.2929,1.145,0.81466,0.54395
246,1.206,1.3004,1.0887,0.76439,0.50931
247,1.224,1.2965,1.0316,0.71583,0.48016
248,1.2427,1.2776,0.97516,0.66915,0.45851
249,1.2614,1.2436,0.92005,0.62464,0.44705
250,1.2788,1.1979,0.86655,0.58271,0.44922
251,1.2929,1.145,0.81466,0.54395,0.4685
252,1.3004,1.0887,0.76439,0.50931,0.50693
253,1.2965,1.0316,0.71583,0.48016,0.5631
254,1.2776,0.97516,0.66915,0.45851,0.63157
255,1.2436,0.92005,0.62464,0.44705,0.70461
256,1.1979,0.86655,0.58271,0.44922,0.77492
257,1.145,0.81466,0.54395,0.4685,0.83738
258,1.0887,0.76439,0.50931,0.50693,0.88929
259,1.0316,0.71583,0.48016,0.5631,0.92977
260,0.97516,0.66915,0.45851,0.63157,0.95911
261,0.92005,0.62464,0.44705,0.70461,0.97824
262,0.86655,0.58271,0.44922,0.77492,0.98844
263,0.81466,0.54395,0.4685,0.83738,0.9912
264,0.76439,0.50931,0.50693,0.88929,0.9882
265,0.71583,0.48016,0.5631,0.92977,0.98139
266,0.66915,0.45851,0.63157,0.95911,0.97306
267,0.62464,0.44705,0.70461,0.97824,0.96593
268,0.58271,0.44922,0.77492,0.98844,0.96313
269,0.54395,0.4685,0.83738,0.9912,0.96785
270,0.50931,0.50693,0.88929,0.9882,0.98258
271,0.48016,0.5631,0.92977,0.98139,1.0081
272,0.45851,0.63157,0.95911,0.97306,1.0423
273,0.44705,0.70461,0.97824,0.96593,1.0799
274,0.44922,0.77492,0.98844,0.96313,1.1134
275,0.4685,0.83738,0.9912,0.96785,1.1367
276,0.50693,0.88929,0.9882,0.98258,1.1479
277,0.5631,0.92977,0.98139,1.0081,1.1487
278,0.63157,0.95911,0.97306,1.0423,1.1427
279,0.70461,0.97824,0.96593,1.0799,1.1335
280,0.77492,0.98844,0.96313,1.1134,1.1241
281,0.83738,0.9912,0.96785,1.1367,1.1168
282,0.88929,0.9882,0.98258,1.1479,1.1126
283,0.92977,0.98139,1.0081,1.1487,1.1119
284,0.95911,0.97306,1.0423,1.1427,1.1138
285,0.97824,0.96593,1.0799,1.1335,1.1165
286,0.98844,0.96313,1.1134,1.1241,1.1172
287,0.9912,0.96785,1.1367,1.1168,1.1126
288,0.9882,0.98258,1.1479,1.1126,1.0988
289,0.98139,1.0081,1.1487,1.1119,1.0732
290,0.97306,1.0423,1.1427,1.1138,1.0361
291,0.96593,1.0799,1.1335,1.1165,0.99148
292,0.96313,1.1134,1.1241,1.1172,0.94413
293,0.96785,1.1367,1.1168,1.1126,0.89822
294,0.98258,1.1479,1.1126,1.0988,0.85646
295,1.0081,1.1487,1.1119,1.0732,0.8203
296,1.0423,1.1427,1.1138,1.0361,0.79017
297,1.0799,1.1335,1.1165,0.99148,0.76566
298,1.1134,1.1241,1.1172,0.94413,0.74571
299,1.1367,1.1168,1.1126,0.89822,0.72894
300,1.1479,1.1126,1.0988,0.85646,0.714
301,1.1487,1.1119,1.0732,0.8203,0.69988
302,1.1427,1.1138,1.0361,0.79017,0.68628
303,1.1335,1.1165,0.99148,0.76566,0.67374
304,1.1241,1.1172,0.94413,0.74571,0.66382
305,1.1168,1.1126,0.89822,0.72894,0.65929
306,1.1126,1.0988,0.85646,0.714,0.66405
307,1.1119,1.0732,0.8203,0.69988,0.68213
308,1.1138,1.0361,0.79017,0.68628,0.71561
309,1.1165,0.99148,0.76566,0.67374,0.76249
310,1.1172,0.94413,0.74571,0.66382,0.81733
311,1.1126,0.89822,0.72894,0.65929,0.87401
312,1.0988,0.85646,0.714,0.66405,0.92803
313,1.0732,0.8203,0.69988,0.68213,0.97707
314,1.0361,0.79017,0.68628,0.71561,1.0204
315,0.99148,0.76566,0.67374,0.76249,1.058
316,0.94413,0.74571,0.66382,0.81733,1.0905
317,0.89822,0.72894,0.65929,0.87401,1.118
318,0.85646,0.714,0.66405,0.92803,1.1412
319,0.8203,0.69988,0.68213,0.97707,1.1603
320,0.79017,0.68628,0.71561,1.0204,1.1757
321,0.76566,0.67374,0.76249,1.058,1.1881
322,0.74571,0.66382,0.81733,1.0905,1.1986
323,0.72894,0.65929,0.87401,1.118,1.2088
324,0.714,0.66405,0.92803,1.1412,1.2208
325,0.69988,0.68213,0.97707,1.1603,1.2362
326,0.68628,0.71561,1.0204,1.1757,1.2547
327,0.67374,0.76249,1.058,1.1881,1.2726
328,0.66382,0.81733,1.0905,1.1986,1.2835
329,0.65929,0.87401,1.118,1.2088,1.2812
330,0.66405,0.92803,1.1412,1.2208,1.263
331,0.68213,0.97707,1.1603,1.2362,1.2301
332,0.71561,1.0204,1.1757,1.2547,1.1861
333,0.76249,1.058,1.1881,1.2726,1.1347
334,0.81733,1.0905,1.1986,1.2835,1.0792
335,0.87401,1.118,1.2088,1.2812,1.0223
336,0.92803,1.1412,1.2208,1.263,0.96571
337,0.97707,1.1603,1.2362,1.2301,0.91083
338,1.0204,1.1757,1.2547,1.1861,0.8584
339,1.058,1.1881,1.2726,1.1347,0.80876
340,1.0905,1.1986,1.2835,1.0792,0.76182
341,1.118,1.2088,1.2812,1.0223,0.71714
342,1.1412,1.2208,1.263,0.96571,0.6741
343,1.1603,1.2362,1.2301,0.91083,0.63233
344,1.1757,1.2547,1.1861,0.8584,0.59212
345,1.1881,1.2726,1.1347,0.80876,0.55437
346,1.1986,1.2835,1.0792,0.76182,0.5205
347,1.2088,1.2812,1.0223,0.71714,0.49219
348,1.2208,1.263,0.96571,0.6741,0.47156
349,1.2362,1.2301,0.91083,0.63233,0.46136
350,1.2547,1.1861,0.8584,0.59212,0.46506
351,1.2726,1.1347,0.80876,0.55437,0.48615
352,1.2835,1.0792,0.76182,0.5205,0.52651
353,1.2812,1.0223,0.71714,0.49219,0.58418
354,1.263,0.96571,0.6741,0.47156,0.65303
355,1.2301,0.91083,0.63233,0.46136,0.72511
356,1.1861,0.8584,0.59212,0.46506,0.79358
357,1.1347,0.80876,0.55437,0.48615,0.85409
358,1.0792,0.76182,0.5205,0.52651,0.90456
359,1.0223,0.71714,0.49219,0.58418,0.94434
360,0.96571,0.6741,0.47156,0.65303,0.97361
361,0.91083,0.63233,0.46136,0.72511,0.99306
362,0.8584,0.59212,0.46506,0.79358,1.0038
363,0.80876,0.55437,0.48615,0.85409,1.0072
364,0.76182,0.5205,0.52651,0.90456,1.0049
365,0.71714,0.49219,0.58418,0.94434,0.999
366,0.6741,0.47156,0.65303,0.97361,0.9917
367,0.63233,0.46136,0.72511,0.99306,0.9858
368,0.59212,0.46506,0.79358,1.0038,0.98445
369,0.55437,0.48615,0.85409,1.0072,0.99081
370,0.5205,0.52651,0.90456,1.0049,1.0072
371,0.49219,0.58418,0.94434,0.999,1.0339
372,0.47156,0.65303,0.97361,0.9917,1.0682
373,0.46136,0.72511,0.99306,0.9858,1.104
374,0.46506,0.79358,1.0038,0.98445,1.1336
375,0.48615,0.85409,1.0072,0.99081,1.1517
376,0.52651,0.90456,1.0049,1.0072,1.157
377,0.58418,0.94434,0.999,1.0339,1.1519
378,0.65303,0.97361,0.9917,1.0682,1.1401
379,0.72511,0.99306,0.9858,1.104,1.1253
380,0.79358,1.0038,0.98445,1.1336,1.1106
381,0.85409,1.0072,0.99081,1.1517,1.0982
382,0.90456,1.0049,1.0072,1.157,1.0893
383,0.94434,0.999,1.0339,1.1519,1.0839
384,0.97361,0.9917,1.0682,1.1401,1.0813
385,0.99306,0.9858,1.104,1.1253,1.0794
386,1.0038,0.98445,1.1336,1.1106,1.0753
387,1.0072,0.99081,1.1517,1.0982,1.0654
388,1.0049,1.0072,1.157,1.0893,1.0461
389,0.999,1.0339,1.1519,1.0839,1.0159
390,0.9917,1.0682,1.1401,1.0813,0.97616
391,0.9858,1.104,1.1253,1.0794,0.93116
392,0.98445,1.1336,1.1106,1.0753,0.88547
393,0.99081,1.1517,1.0982,1.0654,0.84276
394,1.0072,1.157,1.0893,1.0461,0.80544
395,1.0339,1.1519,1.0839,1.0159,0.77487
396,1.0682,1.1401,1.0813,0.97616,0.75145
397,1.104,1.1253,1.0794,0.93116,0.73477
398,1.1336,1.1106,1.0753,0.88547,0.72369
399,1.1517,1.0982,1.0654,0.84276,0.71668
400,1.157,1.0893,1.0461,0.80544,0.71218
401,1.1519,1.0839,1.0159,0.77487,0.70904
402,1.1401,1.0813,0.97616,0.75145,0.70685
403,1.1253,1.0794,0.93116,0.73477,0.70632
404,1.1106,1.0753,0.88547,0.72369,0.70941
405,1.0982,1.0654,0.84276,0.71668,0.71938
406,1.0893,1.0461,0.80544,0.71218,0.74
407,1.0839,1.0159,0.77487,0.70904,0.77362
408,1.0813,0.97616,0.75145,0.70685,0.81894
409,1.0794,0.93116,0.73477,0.70632,0.87101
410,1.0753,0.88547,0.72369,0.70941,0.92397
411,1.0654,0.84276,0.71668,0.71938,0.97354
412,1.0461,0.80544,0.71218,0.74,1.0177
413,1.0159,0.77487,0.70904,0.77362,1.0561
414,0.97616,0.75145,0.70685,0.81894,1.0893
415,0.93116,0.73477,0.70632,0.87101,1.1182
416,0.88547,0.72369,0.70941,0.92397,1.1435
417,0.84276,0.71668,0.71938,0.97354,1.1658
418,0.80544,0.71218,0.74,1.0177,1.1856
419,0.77487,0.70904,0.77362,1.0561,1.2032
420,0.75145,0.70685,0.81894,1.0893,1.2191
421,0.73477,0.70632,0.87101,1.1182,1.2339
422,0.72369,0.70941,0.92397,1.1435,1.2485
423,0.71668,0.71938,0.97354,1.1658,1.2639
424,0.71218,0.74,1.0177,1.1856,1.2804
425,0.70904,0.77362,1.0561,1.2032,1.2958
426,0.70685,0.81894,1.0893,1.2191,1.305
427,0.70632,0.87101,1.1182,1.2339,1.3018
428,0.70941,0.92397,1.1435,1.2485,1.2829
429,0.71938,0.97354,1.1658,1.2639,1.2492
430,0.74,1.0177,1.1856,1.2804,1.204
431,0.77362,1.0561,1.2032,1.2958,1.1513
432,0.81894,1.0893,1.2191,1.305,1.0942
433,0.87101,1.1182,1.2339,1.3018,1.0352
434,0.92397,1.1435,1.2485,1.2829,0.97607
435,0.97354,1.1658,1.2639,1.2492,0.91797
436,1.0177,1.1856,1.2804,1.204,0.86172
437,1.0561,1.2032,1.2958,1.1513,0.80783
438,1.0893,1.2191,1.305,1.0942,0.75653
439,1.1182,1.2339,1.3018,1.0352,0.70783
440,1.1435,1.2485,1.2829,0.97607,0.66156
441,1.1658,1.2639,1.2492,0.91797,0.61758
442,1.1856,1.2804,1.204,0.86172,0.576
443,1.2032,1.2958,1.1513,0.80783,0.5374
444,1.2191,1.305,1.0942,0.75653,0.50281
445,1.2339,1.3018,1.0352,0.70783,0.47363
446,1.2485,1.2829,0.97607,0.66156,0.45175
447,1.2639,1.2492,0.91797,0.61758,0.43972
448,1.2804,1.204,0.86172,0.576,0.44092
449,1.2958,1.1513,0.80783,0.5374,0.45914
450,1.305,1.0942,0.75653,0.50281,0.49708
451,1.3018,1.0352,0.70783,0.47363,0.55386
452,1.2829,0.97607,0.66156,0.45175,0.62377
453,1.2492,0.91797,0.61758,0.43972,0.69821
454,1.204,0.86172,0.576,0.44092,0.76924
455,1.1513,0.80783,0.5374,0.45914,0.83169
456,1.0942,0.75653,0.50281,0.49708,0.88314
457,1.0352,0.70783,0.47363,0.55386,0.92302
458,0.97607,0.66156,0.45175,0.62377,0.95179
459,0.91797,0.61758,0.43972,0.69821,0.9704
460,0.86172,0.576,0.44092,0.76924,0.98013
461,0.80783,0.5374,0.45914,0.83169,0.98246
462,0.75653,0.50281,0.49708,0.88314,0.97906
463,0.70783,0.47363,0.55386,0.92302,0.97184
464,0.66156,0.45175,0.62377,0.95179,0.96302
465,0.61758,0.43972,0.69821,0.9704,0.95527
466,0.576,0.44092,0.76924,0.98013,0.95172
467,0.5374,0.45914,0.83169,0.98246,0.95567
468,0.50281,0.49708,0.88314,0.97906,0.96985
469,0.47363,0.55386,0.92302,0.97184,0.99523
470,0.45175,0.62377,0.95179,0.96302,1.0298
471,0.43972,0.69821,0.9704,0.95527,1.0683
472,0.44092,0.76924,0.98013,0.95172,1.1033
473,0.45914,0.83169,0.98246,0.95567,1.1288
474,0.49708,0.88314,0.97906,0.96985,1.1426
475,0.55386,0.92302,0.97184,0.99523,1.1464
476,0.62377,0.95179,0.96302,1.0298,1.1434
477,0.69821,0.9704,0.95527,1.0683,1.1372
478,0.76924,0.98013,0.95172,1.1033,1.1307
479,0.83169,0.98246,0.95567,1.1288,1.1261
480,0.88314,0.97906,0.96985,1.1426,1.1245
481,0.92302,0.97184,0.99523,1.1464,1.1262
482,0.95179,0.96302,1.0298,1.1434,1.1304
483,0.9704,0.95527,1.0683,1.1372,1.1354
484,0.98013,0.95172,1.1033,1.1307,1.1385
485,0.98246,0.95567,1.1288,1.1261,1.1365
486,0.97906,0.96985,1.1426,1.1245,1.1253
487,0.97184,0.99523,1.1464,1.1262,1.1019
488,0.96302,1.0298,1.1434,1.1304,1.0663
489,0.95527,1.0683,1.1372,1.1354,1.022
490,0.95172,1.1033,1.1307,1.1385,0.97404
491,0.95567,1.1288,1.1261,1.1365,0.92672
492,0.96985,1.1426,1.1245,1.1253,0.88288
493,0.99523,1.1464,1.1262,1.1019,0.84402
494,1.0298,1.1434,1.1304,1.0663,0.81058
495,1.0683,1.1372,1.1354,1.022,0.78217
496,1.1033,1.1307,1.1385,0.97404,0.75782
497,1.1288,1.1261,1.1365,0.92672,0.73625
498,1.1426,1.1245,1.1253,0.88288,0.71623
499,1.1464,1.1262,1.1019,0.84402,0.69689
500,1.1434,1.1304,1.0663,0.81058,0.67796
501,1.1307,1.1385,0.97404,0.75782,0.64422
502,1.1261,1.1365,0.92672,0.73625,0.63323
503,1.1245,1.1253,0.88288,0.71623,0.63059
504,1.1262,1.1019,0.84402,0.69689,0.64055
505,1.1304,1.0663,0.81058,0.67796,0.66631
506,1.1354,1.022,0.78217,0.65995,0.70772
507,1.1385,0.97404,0.75782,0.64422,0.76059
508,1.1365,0.92672,0.73625,0.63323,0.81869
509,1.1253,0.88288,0.71623,0.63059,0.87652
510,1.1019,0.84402,0.69689,0.64055,0.93055
511,1.0663,0.81058,0.67796,0.66631,0.97911
512,1.022,0.78217,0.65995,0.70772,1.0217
513,0.97404,0.75782,0.64422,0.76059,1.0583
514,0.92672,0.73625,0.63323,0.81869,1.0893
515,0.88288,0.71623,0.63059,0.87652,1.1147
516,0.84402,0.69689,0.64055,0.93055,1.1351
517,0.81058,0.67796,0.66631,0.97911,1.1507
518,0.78217,0.65995,0.70772,1.0217,1.1624
519,0.75782,0.64422,0.76059,1.0583,1.171
520,0.73625,0.63323,0.81869,1.0893,1.1784
521,0.71623,0.63059,0.87652,1.1147,1.1868
522,0.69689,0.64055,0.93055,1.1351,1.1985
523,0.67796,0.66631,0.97911,1.1507,1.215
524,0.65995,0.70772,1.0217,1.1624,1.2354
525,0.64422,0.76059,1.0583,1.171,1.2551
526,0.63323,0.81869,1.0893,1.1784,1.2672
527,0.63059,0.87652,1.1147,1.1868,1.2657
528,0.64055,0.93055,1.1351,1.1985,1.2483
529,0.66631,0.97911,1.1507,1.215,1.2163
530,0.70772,1.0217,1.1624,1.2354,1.1735
531,0.76059,1.0583,1.171,1.2551,1.1237
532,0.81869,1.0893,1.1784,1.2672,1.0703
533,0.87652,1.1147,1.1868,1.2657,1.0159
534,0.93055,1.1351,1.1985,1.2483,0.9624
535,0.97911,1.1507,1.215,1.2163,0.91102
536,1.0217,1.1624,1.2354,1.1735,0.86243
537,1.0583,1.171,1.2551,1.1237,0.81674
538,1.0893,1.1784,1.2672,1.0703,0.77354
539,1.1147,1.1868,1.2657,1.0159,0.73198
540,1.1351,1.1985,1.2483,0.9624,0.69118
541,1.1507,1.215,1.2163,0.91102,0.65075
542,1.1624,1.2354,1.1735,0.86243,0.61115
543,1.171,1.2551,1.1237,0.81674,0.57364
544,1.1784,1.2672,1.0703,0.77354,0.5399
545,1.1868,1.2657,1.0159,0.73198,0.51185
546,1.1985,1.2483,0.9624,0.69118,0.49177
547,1.215,1.2163,0.91102,0.65075,0.4825
548,1.2354,1.1735,0.86243,0.61115,0.48739
549,1.2551,1.1237,0.81674,0.57364,0.50955
550,1.2672,1.0703,0.77354,0.5399,0.55013
551,1.2657,1.0159,0.73198,0.51185,0.6067
552,1.2483,0.9624,0.69118,0.49177,0.67336
553,1.2163,0.91102,0.65075,0.4825,0.74299
554,1.1735,0.86243,0.61115,0.48739,0.8096
555,1.1237,0.81674,0.57364,0.50955,0.86929
556,1.0703,0.77354,0.5399,0.55013,0.91999
557,1.0159,0.73198,0.51185,0.6067,0.9608
558,0.9624,0.69118,0.49177,0.67336,0.99155
559,0.91102,0.65075,0.4825,0.74299,1.0127
560,0.86243,0.61115,0.48739,0.8096,1.0251
561,0.81674,0.57364,0.50955,0.86929,1.0301
562,0.77354,0.5399,0.55013,0.91999,1.0293
563,0.73198,0.51185,0.6067,0.9608,1.0249
564,0.69118,0.49177,0.67336,0.99155,1.0191
565,0.65075,0.4825,0.74299,1.0127,1.0148
566,0.61115,0.48739,0.8096,1.0251,1.0151
567,0.57364,0.50955,0.86929,1.0301,1.023
568,0.5399,0.55013,0.91999,1.0293,1.0403
569,0.51185,0.6067,0.9608,1.0249,1.0671
570,0.49177,0.67336,0.99155,1.0191,1.1
571,0.4825,0.74299,1.0127,1.0148,1.1328
572,0.48739,0.8096,1.0251,1.0151,1.1577
573,0.50955,0.86929,1.0301,1.023,1.1696
574,0.55013,0.91999,1.0293,1.0403,1.1678
575,0.6067,0.9608,1.0249,1.0671,1.155
576,0.67336,0.99155,1.0191,1.1,1.1354
577,0.74299,1.0127,1.0148,1.1328,1.1129
578,0.8096,1.0251,1.0151,1.1577,1.0906
579,0.86929,1.0301,1.023,1.1696,1.0707
580,0.91999,1.0293,1.0403,1.1678,1.0544
581,0.9608,1.0249,1.0671,1.155,1.0419
582,0.99155,1.0191,1.1,1.1354,1.0322
583,1.0127,1.0148,1.1328,1.1129,1.0234
584,1.0251,1.0151,1.1577,1.0906,1.0123
585,1.0301,1.023,1.1696,1.0707,0.99568
586,1.0293,1.0403,1.1678,1.0544,0.97062
587,1.0249,1.0671,1.155,1.0419,0.9365
588,1.0191,1.1,1.1354,1.0322,0.89551
589,1.0148,1.1328,1.1129,1.0234,0.85166
590,1.0151,1.1577,1.0906,1.0123,0.80904
591,1.023,1.1696,1.0707,0.99568,0.77092
592,1.0403,1.1678,1.0544,0.97062,0.73962
593,1.0671,1.155,1.0419,0.9365,0.71661
594,1.1,1.1354,1.0322,0.89551,0.70252
595,1.1328,1.1129,1.0234,0.85166,0.69706
596,1.1577,1.0906,1.0123,0.80904,0.6991
597,1.1696,1.0707,0.99568,0.77092,0.70692
598,1.1678,1.0544,0.97062,0.73962,0.71873
599,1.155,1.0419,0.9365,0.71661,0.73311
600,1.1354,1.0322,0.89551,0.70252,0.74953
601,1.1129,1.0234,0.85166,0.69706,0.76865
602,1.0906,1.0123,0.80904,0.6991,0.7923
603,1.0707,0.99568,0.77092,0.70692,0.82294
604,1.0544,0.97062,0.73962,0.71873,0.86198
605,1.0419,0.9365,0.71661,0.73311,0.90794
606,1.0322,0.89551,0.70252,0.74953,0.95653
607,1.0234,0.85166,0.69706,0.76865,1.003
608,1.0123,0.80904,0.6991,0.7923,1.0441
609,0.99568,0.77092,0.70692,0.82294,1.079
610,0.97062,0.73962,0.71873,0.86198,1.108
611,0.9365,0.71661,0.73311,0.90794,1.1324
612,0.89551,0.70252,0.74953,0.95653,1.1538
613,0.85166,0.69706,0.76865,1.003,1.1735
614,0.80904,0.6991,0.7923,1.0441,1.1923
615,0.77092,0.70692,0.82294,1.079,1.2108
616,0.73962,0.71873,0.86198,1.108,1.2291
617,0.71661,0.73311,0.90794,1.1324,1.2472
618,0.70252,0.74953,0.95653,1.1538,1.265
619,0.69706,0.76865,1.003,1.1735,1.282
620,0.6991,0.7923,1.0441,1.1923,1.2971
621,0.70692,0.82294,1.079,1.2108,1.3074
622,0.71873,0.86198,1.108,1.2291,1.3082
623,0.73311,0.90794,1.1324,1.2472,1.2946
624,0.74953,0.95653,1.1538,1.265,1.2654
625,0.76865,1.003,1.1735,1.282,1.2233
626,0.7923,1.0441,1.1923,1.2971,1.1723
627,0.82294,1.079,1.2108,1.3074,1.1164
628,0.86198,1.108,1.2291,1.3082,1.0584
629,0.90794,1.1324,1.2472,1.2946,1.0001
630,0.95653,1.1538,1.265,1.2654,0.94241
631,1.003,1.1735,1.282,1.2233,0.88608
632,1.0441,1.1923,1.2971,1.1723,0.83141
633,1.079,1.2108,1.3074,1.1164,0.77867
634,1.108,1.2291,1.3082,1.0584,0.72806
635,1.1324,1.2472,1.2946,1.0001,0.67972
636,1.1538,1.265,1.2654,0.94241,0.63382
637,1.1735,1.282,1.2233,0.88608,0.59055
638,1.1923,1.2971,1.1723,0.83141,0.5503
639,1.2108,1.3074,1.1164,0.77867,0.51382
640,1.2291,1.3082,1.0584,0.72806,0.48224
641,1.2472,1.2946,1.0001,0.67972,0.45724
642,1.265,1.2654,0.94241,0.63382,0.44111
643,1.282,1.2233,0.88608,0.59055,0.43694
644,1.2971,1.1723,0.83141,0.5503,0.44837
645,1.3074,1.1164,0.77867,0.51382,0.47858
646,1.3082,1.0584,0.72806,0.48224,0.52818
647,1.2946,1.0001,0.67972,0.45724,0.59344
648,1.2654,0.94241,0.63382,0.44111,0.66686
649,1.2233,0.88608,0.59055,0.43694,0.74007
650,1.1723,0.83141,0.5503,0.44837,0.80662
651,1.1164,0.77867,0.51382,0.47858,0.86286
652,1.0584,0.72806,0.48224,0.52818,0.90745
653,1.0001,0.67972,0.45724,0.59344,0.94048
654,0.94241,0.63382,0.44111,0.66686,0.9628
655,0.88608,0.59055,0.43694,0.74007,0.97565
656,0.83141,0.5503,0.44837,0.80662,0.98047
657,0.77867,0.51382,0.47858,0.86286,0.97888
658,0.72806,0.48224,0.52818,0.90745,0.97272
659,0.67972,0.45724,0.59344,0.94048,0.96408
660,0.63382,0.44111,0.66686,0.9628,0.95548
661,0.59055,0.43694,0.74007,0.97565,0.94986
662,0.5503,0.44837,0.80662,0.98047,0.9505
663,0.51382,0.47858,0.86286,0.97888,0.9604
664,0.48224,0.52818,0.90745,0.97272,0.98135
665,0.45724,0.59344,0.94048,0.96408,1.0127
666,0.44111,0.66686,0.9628,0.95548,1.0506
667,0.43694,0.74007,0.97565,0.94986,1.0881
668,0.44837,0.80662,0.98047,0.9505,1.1182
669,0.47858,0.86286,0.97888,0.9604,1.1371
670,0.52818,0.90745,0.97272,0.98135,1.145
671,0.59344,0.94048,0.96408,1.0127,1.1448
672,0.66686,0.9628,0.95548,1.0506,1.1401
673,0.74007,0.97565,0.94986,1.0881,1.1341
674,0.80662,0.98047,0.9505,1.1182,1.1292
675,0.86286,0.97888,0.9604,1.1371,1.127
676,0.90745,0.97272,0.98135,1.145,1.1281
677,0.94048,0.96408,1.0127,1.1448,1.1321
678,0.9628,0.95548,1.0506,1.1401,1.1375
679,0.97565,0.94986,1.0881,1.1341,1.1422
680,0.98047,0.9505,1.1182,1.1292,1.1431
681,0.97888,0.9604,1.1371,1.127,1.1364
682,0.97272,0.98135,1.145,1.1281,1.1186
683,0.96408,1.0127,1.1448,1.1321,1.0879
684,0.95548,1.0506,1.1401,1.1375,1.0467
685,0.94986,1.0881,1.1341,1.1422,0.99954
686,0.9505,1.1182,1.1292,1.1431,0.95134
687,0.9604,1.1371,1.127,1.1364,0.90553
688,0.98135,1.145,1.1281,1.1186,0.86413
689,1.0127,1.1448,1.1321,1.0879,0.82796
690,1.0506,1.1401,1.1375,1.0467,0.79693
691,1.0881,1.1341,1.1422,0.99954,0.77026
692,1.1182,1.1292,1.1431,0.95134,0.74677
693,1.1371,1.127,1.1364,0.90553,0.72519
694,1.145,1.1281,1.1186,0.86413,0.70452
695,1.1448,1.1321,1.0879,0.82796,0.68428
696,1.1401,1.1375,1.0467,0.79693,0.66466
697,1.1341,1.1422,0.99954,0.77026,0.64666
698,1.1292,1.1431,0.95134,0.74677,0.63221
699,1.127,1.1364,0.90553,0.72519,0.62439
700,1.1281,1.1186,0.86413,0.70452,0.62728
701,1.1321,1.0879,0.82796,0.68428,0.64486
702,1.1375,1.0467,0.79693,0.66466,0.67883
703,1.1422,0.99954,0.77026,0.64666,0.72689
704,1.1431,0.95134,0.74677,0.63221,0.78345
705,1.1364,0.90553,0.72519,0.62439,0.84237
706,1.1186,0.86413,0.70452,0.62728,0.89907
707,1.0879,0.82796,0.68428,0.64486,0.95099
708,1.0467,0.79693,0.66466,0.67883,0.99705
709,0.99954,0.77026,0.64666,0.72689,1.037
710,0.95134,0.74677,0.63221,0.78345,1.071
711,0.90553,0.72519,0.62439,0.84237,1.0993
712,0.86413,0.70452,0.62728,0.89907,1.122
713,0.82796,0.68428,0.64486,0.95099,1.1397
714,0.79693,0.66466,0.67883,0.99705,1.1527
715,0.77026,0.64666,0.72689,1.037,1.1621
716,0.74677,0.63221,0.78345,1.071,1.1693
717,0.72519,0.62439,0.84237,1.0993,1.1763
718,0.70452,0.62728,0.89907,1.122,1.1856
719,0.68428,0.64486,0.95099,1.1397,1.1994
720,0.66466,0.67883,0.99705,1.1527,1.2181
721,0.64666,0.72689,1.037,1.1621,1.2393
722,0.63221,0.78345,1.071,1.1693,1.2573
723,0.62439,0.84237,1.0993,1.1763,1.2648
724,0.62728,0.89907,1.122,1.1856,1.2573
725,0.64486,0.95099,1.1397,1.1994,1.2339
726,0.67883,0.99705,1.1527,1.2181,1.1974
727,0.72689,1.037,1.1621,1.2393,1.1517
728,0.78345,1.071,1.1693,1.2573,1.1006
729,0.84237,1.0993,1.1763,1.2648,1.0472
730,0.89907,1.122,1.1856,1.2573,0.99372
731,0.95099,1.1397,1.1994,1.2339,0.94182
732,0.99705,1.1527,1.2181,1.1974,0.89246
733,1.037,1.1621,1.2393,1.1517,0.84604
734,1.071,1.1693,1.2573,1.1006,0.80239
735,1.0993,1.1763,1.2648,1.0472,0.76081
736,1.122,1.1856,1.2573,0.99372,0.7203
737,1.1397,1.1994,1.2339,0.94182,0.68006
738,1.1527,1.2181,1.1974,0.89246,0.64005
739,1.1621,1.2393,1.1517,0.84604,0.60115
740,1.1693,1.2573,1.1006,0.80239,0.56491
741,1.1763,1.2648,1.0472,0.76081,0.53317
742,1.1856,1.2573,0.99372,0.7203,0.50802
743,1.1994,1.2339,0.94182,0.68006,0.49195
744,1.2181,1.1974,0.89246,0.64005,0.48806
745,1.2393,1.1517,0.84604,0.60115,0.49967
746,1.2573,1.1006,0.80239,0.56491,0.52919
747,1.2648,1.0472,0.76081,0.53317,0.57638
748,1.2573,0.99372,0.7203,0.50802,0.63724
749,1.2339,0.94182,0.68006,0.49195,0.70522
750,1.1974,0.89246,0.64005,0.48806,0.77367
751,1.1517,0.84604,0.60115,0.49967,0.83755
752,1.1006,0.80239,0.56491,0.52919,0.89381
753,1.0472,0.76081,0.53317,0.57638,0.94088
754,0.99372,0.7203,0.50802,0.63724,0.97809
755,0.94182,0.68006,0.49195,0.70522,1.0054
756,0.89246,0.64005,0.48806,0.77367,1.0235
757,0.84604,0.60115,0.49967,0.83755,1.0332
758,0.80239,0.56491,0.52919,0.89381,1.0362
759,0.76081,0.53317,0.57638,0.94088,1.0342
760,0.7203,0.50802,0.63724,0.97809,1.0293
761,0.68006,0.49195,0.70522,1.0054,1.0242
762,0.64005,0.48806,0.77367,1.0235,1.0217
763,0.60115,0.49967,0.83755,1.0332,1.025
764,0.56491,0.52919,0.89381,1.0362,1.0368
765,0.53317,0.57638,0.94088,1.0342,1.058
766,0.50802,0.63724,0.97809,1.0293,1.0876
767,0.49195,0.70522,1.0054,1.0242,1.1209
768,0.48806,0.77367,1.0235,1.0217,1.1505
769,0.49967,0.83755,1.0332,1.025,1.1693
770,0.52919,0.89381,1.0362,1.0368,1.1741
771,0.57638,0.94088,1.0342,1.058,1.1657
772,0.63724,0.97809,1.0293,1.0876,1.1478
773,0.70522,1.0054,1.0242,1.1209,1.1247
774,0.77367,1.0235,1.0217,1.1505,1.1001
775,0.83755,1.0332,1.025,1.1693,1.0767
776,0.89381,1.0362,1.0368,1.1741,1.0562
777,0.94088,1.0342,1.058,1.1657,1.0396
778,0.97809,1.0293,1.0876,1.1478,1.0266
779,1.0054,1.0242,1.1209,1.1247,1.0157
780,1.0235,1.0217,1.1505,1.1001,1.0046
781,1.0332,1.025,1.1693,1.0767,0.99004
782,1.0362,1.0368,1.1741,1.0562,0.96884
783,1.0342,1.058,1.1657,1.0396,0.93906
784,1.0293,1.0876,1.1478,1.0266,0.90135
785,1.0242,1.1209,1.1247,1.0157,0.85884
786,1.0217,1.1505,1.1001,1.0046,0.81562
787,1.025,1.1693,1.0767,0.99004,0.77539
788,1.0368,1.1741,1.0562,0.96884,0.741
789,1.058,1.1657,1.0396,0.93906,0.71444
790,1.0876,1.1478,1.0266,0.90135,0.69694
791,1.1209,1.1247,1.0157,0.85884,0.68884
792,1.1505,1.1001,1.0046,0.81562,0.68953
793,1.1693,1.0767,0.99004,0.77539,0.69759
794,1.1741,1.0562,0.96884,0.741,0.71115
795,1.1657,1.0396,0.93906,0.71444,0.72843
796,1.1478,1.0266,0.90135,0.69694,0.74825
797,1.1247,1.0157,0.85884,0.68884,0.77046
798,1.1001,1.0046,0.81562,0.68953,0.79606
799,1.0767,0.99004,0.77539,0.69759,0.82698
800,1.0562,0.96884,0.741,0.71115,0.86485
801,1.0396,0.93906,0.71444,0.72843,0.90925
802,1.0266,0.90135,0.69694,0.74825,0.95689
803,1.0157,0.85884,0.68884,0.77046,1.0032
804,1.0046,0.81562,0.68953,0.79606,1.0445
805,0.99004,0.77539,0.69759,0.82698,1.0795
806,0.96884,0.741,0.71115,0.86485,1.1082
807,0.93906,0.71444,0.72843,0.90925,1.1319
808,0.90135,0.69694,0.74825,0.95689,1.1522
809,0.85884,0.68884,0.77046,1.0032,1.1706
810,0.81562,0.68953,0.79606,1.0445,1.1885
811,0.77539,0.69759,0.82698,1.0795,1.2064
812,0.741,0.71115,0.86485,1.1082,1.2246
813,0.71444,0.72843,0.90925,1.1319,1.2431
814,0.69694,0.74825,0.95689,1.1522,1.2614
815,0.68884,0.77046,1.0032,1.1706,1.2788
816,0.68953,0.79606,1.0445,1.1885,1.294
817,0.69759,0.82698,1.0795,1.2064,1.3042
818,0.71115,0.86485,1.1082,1.2246,1.305
819,0.72843,0.90925,1.1319,1.2431,1.2916
820,0.74825,0.95689,1.1522,1.2614,1.2626
821,0.77046,1.0032,1.1706,1.2788,1.2206
822,0.79606,1.0445,1.1885,1.294,1.1697
823,0.82698,1.0795,1.2064,1.3042,1.114
824,0.86485,1.1082,1.2246,1.305,1.0564
825,0.90925,1.1319,1.2431,1.2916,0.99864
826,0.95689,1.1522,1.2614,1.2626,0.94181
827,1.0032,1.1706,1.2788,1.2206,0.88634
828,1.0445,1.1885,1.294,1.1697,0.83248
829,1.0795,1.2064,1.3042,1.114,0.7804
830,1.1082,1.2246,1.305,1.0564,0.73025
831,1.1319,1.2431,1.2916,0.99864,0.6822
832,1.1522,1.2614,1.2626,0.94181,0.63646
833,1.1706,1.2788,1.2206,0.88634,0.59328
834,1.1885,1.294,1.1697,0.83248,0.5531
835,1.2064,1.3042,1.114,0.7804,0.51668
836,1.2246,1.305,1.0564,0.73025,0.48517
837,1.2431,1.2916,0.99864,0.6822,0.46027
838,1.2614,1.2626,0.94181,0.63646,0.44433
839,1.2788,1.2206,0.88634,0.59328,0.44047
840,1.294,1.1697,0.83248,0.5531,0.45233
841,1.3042,1.114,0.7804,0.51668,0.48292
842,1.305,1.0564,0.73025,0.48517,0.53265
843,1.2916,0.99864,0.6822,0.46027,0.59767
844,1.2626,0.94181,0.63646,0.44433,0.67064
845,1.2206,0.88634,0.59328,0.44047,0.74342
846,1.1697,0.83248,0.5531,0.45233,0.80972
847,1.114,0.7804,0.51668,0.48292,0.86591
848,1.0564,0.73025,0.48517,0.53265,0.91057
849,0.99864,0.6822,0.46027,0.59767,0.94375
850,0.94181,0.63646,0.44433,0.67064,0.96625
851,0.88634,0.59328,0.44047,0.74342,0.97928
852,0.83248,0.5531,0.45233,0.80972,0.9843
853,0.7804,0.51668,0.48292,0.86591,0.9829
854,0.73025,0.48517,0.53265,0.91057,0.97693
855,0.6822,0.46027,0.59767,0.94375,0.96851
856,0.63646,0.44433,0.67064,0.96625,0.96015
857,0.59328,0.44047,0.74342,0.97928,0.95484
858,0.5531,0.45233,0.80972,0.9843,0.95582
859,0.51668,0.48292,0.86591,0.9829,0.96605
860,0.48517,0.53265,0.91057,0.97693,0.98722
861,0.46027,0.59767,0.94375,0.96851,1.0186
862,0.44433,0.67064,0.96625,0.96015,1.0562
863,0.44047,0.74342,0.97928,0.95484,1.0932
864,0.45233,0.80972,0.9843,0.95582,1.1224
865,0.48292,0.86591,0.9829,0.96605,1.1401
866,0.53265,0.91057,0.97693,0.98722,1.1467
867,0.59767,0.94375,0.96851,1.0186,1.1451
868,0.67064,0.96625,0.96015,1.0562,1.1391
869,0.74342,0.97928,0.95484,1.0932,1.1318
870,0.80972,0.9843,0.95582,1.1224,1.1256
871,0.86591,0.9829,0.96605,1.1401,1.1223
872,0.91057,0.97693,0.98722,1.1467,1.1223
873,0.94375,0.96851,1.0186,1.1451,1.1252
874,0.96625,0.96015,1.0562,1.1391,1.1296
875,0.97928,0.95484,1.0932,1.1318,1.1333
876,0.9843,0.95582,1.1224,1.1256,1.1331
877,0.9829,0.96605,1.1401,1.1223,1.1252
878,0.97693,0.98722,1.1467,1.1223,1.1062
879,0.96851,1.0186,1.1451,1.1252,1.0746
880,0.96015,1.0562,1.1391,1.1296,1.0329
881,0.95484,1.0932,1.1318,1.1333,0.98577
882,0.95582,1.1224,1.1256,1.1331,0.93804
883,0.96605,1.1401,1.1223,1.1252,0.89303
884,0.98722,1.1467,1.1223,1.1062,0.85273
885,1.0186,1.1451,1.1252,1.0746,0.81793
886,1.0562,1.1391,1.1296,1.0329,0.78853
887,1.0932,1.1318,1.1333,0.98577,0.76371
888,1.1224,1.1256,1.1331,0.93804,0.74226
889,1.1401,1.1223,1.1252,0.89303,0.72286
890,1.1467,1.1223,1.1062,0.85273,0.70443
891,1.1451,1.1252,1.0746,0.81793,0.68645
892,1.1391,1.1296,1.0329,0.78853,0.66913
893,1.1318,1.1333,0.98577,0.76371,0.6535
894,1.1256,1.1331,0.93804,0.74226,0.64166
895,1.1223,1.1252,0.89303,0.72286,0.63685
896,1.1223,1.1062,0.85273,0.70443,0.64323
897,1.1252,1.0746,0.81793,0.68645,0.66455
898,1.1296,1.0329,0.78853,0.66913,0.70183
899,1.1333,0.98577,0.76371,0.6535,0.75193
900,1.1331,0.93804,0.74226,0.64166,0.80888
901,1.1252,0.89303,0.72286,0.63685,0.86678
902,1.1062,0.85273,0.70443,0.64323,0.92157
903,1.0746,0.81793,0.68645,0.66455,0.97119
904,1.0329,0.78853,0.66913,0.70183,1.0149
905,0.98577,0.76371,0.6535,0.75193,1.0528
906,0.93804,0.74226,0.64166,0.80888,1.085
907,0.89303,0.72286,0.63685,0.86678,1.1119
908,0.85273,0.70443,0.64323,0.92157,1.1338
909,0.81793,0.68645,0.66455,0.97119,1.151
910,0.78853,0.66913,0.70183,1.0149,1.1641
911,0.76371,0.6535,0.75193,1.0528,1.174
912,0.74226,0.64166,0.80888,1.085,1.1822
913,0.72286,0.63685,0.86678,1.1119,1.1906
914,0.70443,0.64323,0.92157,1.1338,1.2017
915,0.68645,0.66455,0.97119,1.151,1.2172
916,0.66913,0.70183,1.0149,1.1641,1.2366
917,0.6535,0.75193,1.0528,1.174,1.2564
918,0.64166,0.80888,1.085,1.1822,1.27
919,0.63685,0.86678,1.1119,1.1906,1.2708
920,0.64323,0.92157,1.1338,1.2017,1.2557
921,0.66455,0.97119,1.151,1.2172,1.2256
922,0.70183,1.0149,1.1641,1.2366,1.184
923,0.75193,1.0528,1.174,1.2564,1.1346
924,0.80888,1.085,1.1822,1.27,1.081
925,0.86678,1.1119,1.1906,1.2708,1.026
926,0.92157,1.1338,1.2017,1.2557,0.97149
927,0.97119,1.151,1.2172,1.2256,0.91882
928,1.0149,1.1641,1.2366,1.184,0.86878
929,1.0528,1.174,1.2564,1.1346,0.82164
930,1.085,1.1822,1.27,1.081,0.77715
931,1.1119,1.1906,1.2708,1.026,0.7346
932,1.1338,1.2017,1.2557,0.97149,0.69316
933,1.151,1.2172,1.2256,0.91882,0.65233
934,1.1641,1.2366,1.184,0.86878,0.61239
935,1.174,1.2564,1.1346,0.82164,0.5744
936,1.1822,1.27,1.081,0.77715,0.53993
937,1.1906,1.2708,1.026,0.7346,0.51079
938,1.2017,1.2557,0.97149,0.69316,0.48915
939,1.2172,1.2256,0.91882,0.65233,0.47775
940,1.2366,1.184,0.86878,0.61239,0.4799
941,1.2564,1.1346,0.82164,0.5744,0.49893
942,1.27,1.081,0.77715,0.53993,0.53662
943,1.2708,1.026,0.7346,0.51079,0.59128
944,1.2557,0.97149,0.69316,0.48915,0.6574
945,1.2256,0.91882,0.65233,0.47775,0.72765
946,1.184,0.86878,0.61239,0.4799,0.79556
947,1.1346,0.82164,0.5744,0.49893,0.85676
948,1.081,0.77715,0.53993,0.53662,0.90892
949,1.026,0.7346,0.51079,0.59128,0.95106
950,0.97149,0.69316,0.48915,0.6574,0.983
951,0.91882,0.65233,0.47775,0.72765,1.0051
952,0.86878,0.61239,0.4799,0.79556,1.0184
953,0.82164,0.5744,0.49893,0.85676,1.024
954,0.77715,0.53993,0.53662,0.90892,1.0237
955,0.7346,0.51079,0.59128,0.95106,1.0193
956,0.69316,0.48915,0.6574,0.983,1.0132
957,0.65233,0.47775,0.72765,1.0051,1.008
958,0.61239,0.4799,0.79556,1.0184,1.007
959,0.5744,0.49893,0.85676,1.024,1.0131
960,0.53993,0.53662,0.90892,1.0237,1.0286
961,0.51079,0.59128,0.95106,1.0193,1.054
962,0.48915,0.6574,0.983,1.0132,1.0866
963,0.47775,0.72765,1.0051,1.008,1.1207
964,0.4799,0.79556,1.0184,1.007,1.1485
965,0.49893,0.85676,1.024,1.0131,1.1641
966,0.53662,0.90892,1.0237,1.0286,1.1661
967,0.59128,0.95106,1.0193,1.054,1.1566
968,0.6574,0.983,1.0132,1.0866,1.1398
969,0.72765,1.0051,1.008,1.1207,1.1194
970,0.79556,1.0184,1.007,1.1485,1.0988
971,0.85676,1.024,1.0131,1.1641,1.0803
972,0.90892,1.0237,1.0286,1.1661,1.0653
973,0.95106,1.0193,1.054,1.1566,1.054
974,0.983,1.0132,1.0866,1.1398,1.0458
975,1.0051,1.008,1.1207,1.1194,1.0388
976,1.0184,1.007,1.1485,1.0988,1.0301
977,1.024,1.0131,1.1641,1.0803,1.0162
978,1.0237,1.0286,1.1661,1.0653,0.99406
979,1.0193,1.054,1.1566,1.054,0.96222
980,1.0132,1.0866,1.1398,1.0458,0.92236
981,1.008,1.1207,1.1194,1.0388,0.87837
982,1.007,1.1485,1.0988,1.0301,0.83456
983,1.0131,1.1641,1.0803,1.0162,0.79444
984,1.0286,1.1661,1.0653,0.99406,0.76049
985,1.054,1.1566,1.054,0.96222,0.73428
986,1.0866,1.1398,1.0458,0.92236,0.7165
987,1.1207,1.1194,1.0388,0.87837,0.70696
988,1.1485,1.0988,1.0301,0.83456,0.70464
989,1.1641,1.0803,1.0162,0.79444,0.70794
990,1.1661,1.0653,0.99406,0.76049,0.71507
991,1.1566,1.054,0.96222,0.73428,0.72462
992,1.1398,1.0458,0.92236,0.7165,0.73593
993,1.1194,1.0388,0.87837,0.70696,0.74949
994,1.0988,1.0301,0.83456,0.70464,0.7671
995,1.0803,1.0162,0.79444,0.70794,0.79152
996,1.0653,0.99406,0.76049,0.71507,0.82518
997,1.054,0.96222,0.73428,0.72462,0.86809
998,1.0458,0.92236,0.7165,0.73593,0.91676
999,1.0388,0.87837,0.70696,0.74949,0.96599
1000,1.0301,0.83456,0.70464,0.7671,1.0115
